bee_id,group,trial,choice,block
1,LR,1,1,10
1,LR,2,1,10
1,LR,3,1,10
1,LR,4,1,10
1,LR,5,1,10
1,LR,6,1,10
1,LR,7,0,10
1,LR,8,0,10
1,LR,9,0,10
1,LR,10,0,10
1,LR,11,0,20
1,LR,12,0,20
1,LR,13,0,20
1,LR,14,1,20
1,LR,15,1,20
1,LR,16,0,20
1,LR,17,0,20
1,LR,18,0,20
1,LR,19,0,20
1,LR,20,0,20
1,LR,21,0,30
1,LR,22,0,30
1,LR,23,0,30
1,LR,24,1,30
1,LR,25,1,30
1,LR,26,1,30
1,LR,27,1,30
1,LR,28,1,30
1,LR,29,1,30
1,LR,30,1,30
1,LR,31,1,40
1,LR,32,0,40
1,LR,33,1,40
1,LR,34,1,40
1,LR,35,0,40
1,LR,36,1,40
1,LR,37,1,40
1,LR,38,1,40
1,LR,39,1,40
1,LR,40,1,40
2,RL,1,0,10
2,RL,2,1,10
2,RL,3,0,10
2,RL,4,0,10
2,RL,5,1,10
2,RL,6,1,10
2,RL,7,0,10
2,RL,8,0,10
2,RL,9,0,10
2,RL,10,0,10
2,RL,11,1,20
2,RL,12,0,20
2,RL,13,1,20
2,RL,14,1,20
2,RL,15,1,20
2,RL,16,1,20
2,RL,17,0,20
2,RL,18,1,20
2,RL,19,0,20
2,RL,20,1,20
2,RL,21,0,30
2,RL,22,1,30
2,RL,23,1,30
2,RL,24,1,30
2,RL,25,0,30
2,RL,26,1,30
2,RL,27,0,30
2,RL,28,0,30
2,RL,29,1,30
2,RL,30,1,30
2,RL,31,1,40
2,RL,32,0,40
2,RL,33,0,40
2,RL,34,1,40
2,RL,35,1,40
2,RL,36,0,40
2,RL,37,0,40
2,RL,38,0,40
2,RL,39,1,40
2,RL,40,1,40
3,LR,1,0,10
3,LR,2,0,10
3,LR,3,0,10
3,LR,4,0,10
3,LR,5,0,10
3,LR,6,1,10
3,LR,7,1,10
3,LR,8,1,10
3,LR,9,1,10
3,LR,10,1,10
3,LR,11,1,20
3,LR,12,1,20
3,LR,13,1,20
3,LR,14,0,20
3,LR,15,1,20
3,LR,16,1,20
3,LR,17,1,20
3,LR,18,1,20
3,LR,19,0,20
3,LR,20,1,20
3,LR,21,1,30
3,LR,22,1,30
3,LR,23,0,30
3,LR,24,0,30
3,LR,25,0,30
3,LR,26,1,30
3,LR,27,1,30
3,LR,28,1,30
3,LR,29,0,30
3,LR,30,0,30
3,LR,31,1,40
3,LR,32,0,40
3,LR,33,0,40
3,LR,34,1,40
3,LR,35,1,40
3,LR,36,1,40
3,LR,37,0,40
3,LR,38,1,40
3,LR,39,1,40
3,LR,40,1,40
4,RL,1,0,10
4,RL,2,1,10
4,RL,3,1,10
4,RL,4,1,10
4,RL,5,1,10
4,RL,6,1,10
4,RL,7,1,10
4,RL,8,1,10
4,RL,9,1,10
4,RL,10,1,10
4,RL,11,1,20
4,RL,12,1,20
4,RL,13,0,20
4,RL,14,1,20
4,RL,15,0,20
4,RL,16,0,20
4,RL,17,1,20
4,RL,18,0,20
4,RL,19,0,20
4,RL,20,1,20
4,RL,21,1,30
4,RL,22,1,30
4,RL,23,1,30
4,RL,24,1,30
4,RL,25,1,30
4,RL,26,1,30
4,RL,27,1,30
4,RL,28,1,30
4,RL,29,0,30
4,RL,30,1,30
4,RL,31,1,40
4,RL,32,1,40
4,RL,33,1,40
4,RL,34,1,40
4,RL,35,1,40
4,RL,36,1,40
4,RL,37,0,40
4,RL,38,1,40
4,RL,39,0,40
4,RL,40,1,40
5,LR,1,1,10
5,LR,2,0,10
5,LR,3,0,10
5,LR,4,0,10
5,LR,5,0,10
5,LR,6,1,10
5,LR,7,0,10
5,LR,8,1,10
5,LR,9,0,10
5,LR,10,1,10
5,LR,11,0,20
5,LR,12,0,20
5,LR,13,0,20
5,LR,14,0,20
5,LR,15,1,20
5,LR,16,1,20
5,LR,17,1,20
5,LR,18,0,20
5,LR,19,0,20
5,LR,20,0,20
5,LR,21,1,30
5,LR,22,1,30
5,LR,23,1,30
5,LR,24,1,30
5,LR,25,1,30
5,LR,26,1,30
5,LR,27,0,30
5,LR,28,1,30
5,LR,29,0,30
5,LR,30,0,30
5,LR,31,1,40
5,LR,32,1,40
5,LR,33,1,40
5,LR,34,1,40
5,LR,35,1,40
5,LR,36,1,40
5,LR,37,0,40
5,LR,38,0,40
5,LR,39,1,40
5,LR,40,1,40
6,RL,1,0,10
6,RL,2,0,10
6,RL,3,1,10
6,RL,4,1,10
6,RL,5,1,10
6,RL,6,1,10
6,RL,7,0,10
6,RL,8,0,10
6,RL,9,1,10
6,RL,10,1,10
6,RL,11,1,20
6,RL,12,1,20
6,RL,13,0,20
6,RL,14,0,20
6,RL,15,1,20
6,RL,16,1,20
6,RL,17,1,20
6,RL,18,0,20
6,RL,19,0,20
6,RL,20,0,20
6,RL,21,1,30
6,RL,22,1,30
6,RL,23,1,30
6,RL,24,1,30
6,RL,25,1,30
6,RL,26,1,30
6,RL,27,1,30
6,RL,28,1,30
6,RL,29,1,30
6,RL,30,1,30
6,RL,31,0,40
6,RL,32,0,40
6,RL,33,0,40
6,RL,34,1,40
6,RL,35,0,40
6,RL,36,0,40
6,RL,37,1,40
6,RL,38,1,40
6,RL,39,1,40
6,RL,40,1,40
7,LR,1,0,10
7,LR,2,0,10
7,LR,3,1,10
7,LR,4,0,10
7,LR,5,0,10
7,LR,6,1,10
7,LR,7,0,10
7,LR,8,0,10
7,LR,9,1,10
7,LR,10,1,10
7,LR,11,0,20
7,LR,12,0,20
7,LR,13,1,20
7,LR,14,1,20
7,LR,15,0,20
7,LR,16,1,20
7,LR,17,0,20
7,LR,18,0,20
7,LR,19,1,20
7,LR,20,1,20
7,LR,21,0,30
7,LR,22,0,30
7,LR,23,1,30
7,LR,24,1,30
7,LR,25,1,30
7,LR,26,1,30
7,LR,27,1,30
7,LR,28,1,30
7,LR,29,0,30
7,LR,30,0,30
7,LR,31,1,40
7,LR,32,1,40
7,LR,33,1,40
7,LR,34,0,40
7,LR,35,1,40
7,LR,36,1,40
7,LR,37,1,40
7,LR,38,0,40
7,LR,39,1,40
7,LR,40,1,40
8,RL,1,0,10
8,RL,2,1,10
8,RL,3,0,10
8,RL,4,1,10
8,RL,5,1,10
8,RL,6,1,10
8,RL,7,0,10
8,RL,8,0,10
8,RL,9,1,10
8,RL,10,0,10
8,RL,11,0,20
8,RL,12,1,20
8,RL,13,0,20
8,RL,14,0,20
8,RL,15,1,20
8,RL,16,1,20
8,RL,17,1,20
8,RL,18,0,20
8,RL,19,1,20
8,RL,20,0,20
8,RL,21,0,30
8,RL,22,0,30
8,RL,23,0,30
8,RL,24,1,30
8,RL,25,1,30
8,RL,26,1,30
8,RL,27,1,30
8,RL,28,0,30
8,RL,29,0,30
8,RL,30,1,30
8,RL,31,1,40
8,RL,32,1,40
8,RL,33,0,40
8,RL,34,1,40
8,RL,35,1,40
8,RL,36,1,40
8,RL,37,1,40
8,RL,38,1,40
8,RL,39,1,40
8,RL,40,1,40
9,LR,1,1,10
9,LR,2,1,10
9,LR,3,0,10
9,LR,4,0,10
9,LR,5,1,10
9,LR,6,0,10
9,LR,7,1,10
9,LR,8,0,10
9,LR,9,0,10
9,LR,10,0,10
9,LR,11,0,20
9,LR,12,1,20
9,LR,13,0,20
9,LR,14,1,20
9,LR,15,1,20
9,LR,16,0,20
9,LR,17,1,20
9,LR,18,0,20
9,LR,19,1,20
9,LR,20,0,20
9,LR,21,0,30
9,LR,22,1,30
9,LR,23,1,30
9,LR,24,1,30
9,LR,25,1,30
9,LR,26,0,30
9,LR,27,1,30
9,LR,28,1,30
9,LR,29,1,30
9,LR,30,1,30
9,LR,31,1,40
9,LR,32,1,40
9,LR,33,0,40
9,LR,34,1,40
9,LR,35,0,40
9,LR,36,1,40
9,LR,37,1,40
9,LR,38,1,40
9,LR,39,0,40
9,LR,40,1,40
10,RL,1,0,10
10,RL,2,0,10
10,RL,3,0,10
10,RL,4,1,10
10,RL,5,1,10
10,RL,6,1,10
10,RL,7,1,10
10,RL,8,1,10
10,RL,9,1,10
10,RL,10,0,10
10,RL,11,0,20
10,RL,12,0,20
10,RL,13,0,20
10,RL,14,0,20
10,RL,15,1,20
10,RL,16,0,20
10,RL,17,0,20
10,RL,18,0,20
10,RL,19,1,20
10,RL,20,0,20
10,RL,21,0,30
10,RL,22,0,30
10,RL,23,1,30
10,RL,24,1,30
10,RL,25,0,30
10,RL,26,0,30
10,RL,27,0,30
10,RL,28,1,30
10,RL,29,0,30
10,RL,30,0,30
10,RL,31,0,40
10,RL,32,1,40
10,RL,33,0,40
10,RL,34,0,40
10,RL,35,0,40
10,RL,36,0,40
10,RL,37,1,40
10,RL,38,1,40
10,RL,39,1,40
10,RL,40,1,40
11,LR,1,0,10
11,LR,2,0,10
11,LR,3,0,10
11,LR,4,1,10
11,LR,5,1,10
11,LR,6,0,10
11,LR,7,1,10
11,LR,8,1,10
11,LR,9,1,10
11,LR,10,0,10
11,LR,11,0,20
11,LR,12,1,20
11,LR,13,1,20
11,LR,14,1,20
11,LR,15,0,20
11,LR,16,0,20
11,LR,17,1,20
11,LR,18,0,20
11,LR,19,1,20
11,LR,20,0,20
11,LR,21,0,30
11,LR,22,1,30
11,LR,23,1,30
11,LR,24,0,30
11,LR,25,0,30
11,LR,26,1,30
11,LR,27,1,30
11,LR,28,0,30
11,LR,29,0,30
11,LR,30,0,30
11,LR,31,1,40
11,LR,32,1,40
11,LR,33,1,40
11,LR,34,1,40
11,LR,35,1,40
11,LR,36,1,40
11,LR,37,1,40
11,LR,38,1,40
11,LR,39,1,40
11,LR,40,0,40
12,RL,1,0,10
12,RL,2,0,10
12,RL,3,1,10
12,RL,4,1,10
12,RL,5,0,10
12,RL,6,1,10
12,RL,7,0,10
12,RL,8,1,10
12,RL,9,1,10
12,RL,10,0,10
12,RL,11,1,20
12,RL,12,1,20
12,RL,13,0,20
12,RL,14,1,20
12,RL,15,0,20
12,RL,16,0,20
12,RL,17,1,20
12,RL,18,0,20
12,RL,19,1,20
12,RL,20,1,20
12,RL,21,0,30
12,RL,22,0,30
12,RL,23,0,30
12,RL,24,1,30
12,RL,25,1,30
12,RL,26,1,30
12,RL,27,1,30
12,RL,28,1,30
12,RL,29,0,30
12,RL,30,0,30
12,RL,31,0,40
12,RL,32,1,40
12,RL,33,1,40
12,RL,34,1,40
12,RL,35,1,40
12,RL,36,1,40
12,RL,37,1,40
12,RL,38,0,40
12,RL,39,1,40
12,RL,40,0,40
13,LR,1,1,10
13,LR,2,0,10
13,LR,3,0,10
13,LR,4,0,10
13,LR,5,1,10
13,LR,6,0,10
13,LR,7,1,10
13,LR,8,0,10
13,LR,9,0,10
13,LR,10,0,10
13,LR,11,1,20
13,LR,12,1,20
13,LR,13,0,20
13,LR,14,0,20
13,LR,15,0,20
13,LR,16,1,20
13,LR,17,0,20
13,LR,18,0,20
13,LR,19,0,20
13,LR,20,1,20
13,LR,21,0,30
13,LR,22,1,30
13,LR,23,1,30
13,LR,24,0,30
13,LR,25,0,30
13,LR,26,1,30
13,LR,27,0,30
13,LR,28,0,30
13,LR,29,1,30
13,LR,30,1,30
13,LR,31,1,40
13,LR,32,0,40
13,LR,33,1,40
13,LR,34,1,40
13,LR,35,0,40
13,LR,36,1,40
13,LR,37,0,40
13,LR,38,0,40
13,LR,39,0,40
13,LR,40,1,40
14,RL,1,0,10
14,RL,2,1,10
14,RL,3,0,10
14,RL,4,0,10
14,RL,5,0,10
14,RL,6,0,10
14,RL,7,1,10
14,RL,8,1,10
14,RL,9,0,10
14,RL,10,0,10
14,RL,11,0,20
14,RL,12,1,20
14,RL,13,1,20
14,RL,14,1,20
14,RL,15,0,20
14,RL,16,1,20
14,RL,17,0,20
14,RL,18,1,20
14,RL,19,1,20
14,RL,20,1,20
14,RL,21,0,30
14,RL,22,0,30
14,RL,23,1,30
14,RL,24,0,30
14,RL,25,0,30
14,RL,26,1,30
14,RL,27,1,30
14,RL,28,1,30
14,RL,29,0,30
14,RL,30,0,30
14,RL,31,1,40
14,RL,32,1,40
14,RL,33,1,40
14,RL,34,1,40
14,RL,35,0,40
14,RL,36,1,40
14,RL,37,1,40
14,RL,38,0,40
14,RL,39,0,40
14,RL,40,1,40
15,LR,1,1,10
15,LR,2,1,10
15,LR,3,0,10
15,LR,4,0,10
15,LR,5,0,10
15,LR,6,1,10
15,LR,7,0,10
15,LR,8,0,10
15,LR,9,1,10
15,LR,10,1,10
15,LR,11,1,20
15,LR,12,1,20
15,LR,13,1,20
15,LR,14,0,20
15,LR,15,1,20
15,LR,16,0,20
15,LR,17,0,20
15,LR,18,1,20
15,LR,19,1,20
15,LR,20,1,20
15,LR,21,1,30
15,LR,22,1,30
15,LR,23,1,30
15,LR,24,1,30
15,LR,25,0,30
15,LR,26,1,30
15,LR,27,0,30
15,LR,28,1,30
15,LR,29,1,30
15,LR,30,1,30
15,LR,31,1,40
15,LR,32,0,40
15,LR,33,0,40
15,LR,34,1,40
15,LR,35,0,40
15,LR,36,1,40
15,LR,37,1,40
15,LR,38,1,40
15,LR,39,0,40
15,LR,40,0,40
16,RL,1,0,10
16,RL,2,1,10
16,RL,3,0,10
16,RL,4,0,10
16,RL,5,0,10
16,RL,6,1,10
16,RL,7,0,10
16,RL,8,0,10
16,RL,9,1,10
16,RL,10,0,10
16,RL,11,0,20
16,RL,12,1,20
16,RL,13,0,20
16,RL,14,1,20
16,RL,15,1,20
16,RL,16,0,20
16,RL,17,1,20
16,RL,18,0,20
16,RL,19,1,20
16,RL,20,0,20
16,RL,21,0,30
16,RL,22,1,30
16,RL,23,0,30
16,RL,24,1,30
16,RL,25,1,30
16,RL,26,1,30
16,RL,27,1,30
16,RL,28,1,30
16,RL,29,0,30
16,RL,30,0,30
16,RL,31,0,40
16,RL,32,0,40
16,RL,33,0,40
16,RL,34,0,40
16,RL,35,1,40
16,RL,36,1,40
16,RL,37,0,40
16,RL,38,1,40
16,RL,39,1,40
16,RL,40,0,40
17,LR,1,1,10
17,LR,2,1,10
17,LR,3,0,10
17,LR,4,1,10
17,LR,5,1,10
17,LR,6,0,10
17,LR,7,0,10
17,LR,8,0,10
17,LR,9,1,10
17,LR,10,0,10
17,LR,11,0,20
17,LR,12,1,20
17,LR,13,1,20
17,LR,14,1,20
17,LR,15,0,20
17,LR,16,0,20
17,LR,17,0,20
17,LR,18,1,20
17,LR,19,1,20
17,LR,20,1,20
17,LR,21,0,30
17,LR,22,0,30
17,LR,23,0,30
17,LR,24,0,30
17,LR,25,1,30
17,LR,26,1,30
17,LR,27,0,30
17,LR,28,1,30
17,LR,29,1,30
17,LR,30,0,30
17,LR,31,1,40
17,LR,32,1,40
17,LR,33,1,40
17,LR,34,1,40
17,LR,35,0,40
17,LR,36,0,40
17,LR,37,1,40
17,LR,38,1,40
17,LR,39,0,40
17,LR,40,0,40
18,RL,1,0,10
18,RL,2,1,10
18,RL,3,0,10
18,RL,4,1,10
18,RL,5,0,10
18,RL,6,1,10
18,RL,7,1,10
18,RL,8,0,10
18,RL,9,1,10
18,RL,10,1,10
18,RL,11,0,20
18,RL,12,1,20
18,RL,13,0,20
18,RL,14,0,20
18,RL,15,1,20
18,RL,16,1,20
18,RL,17,1,20
18,RL,18,0,20
18,RL,19,0,20
18,RL,20,0,20
18,RL,21,1,30
18,RL,22,0,30
18,RL,23,0,30
18,RL,24,0,30
18,RL,25,1,30
18,RL,26,1,30
18,RL,27,1,30
18,RL,28,1,30
18,RL,29,1,30
18,RL,30,1,30
18,RL,31,1,40
18,RL,32,0,40
18,RL,33,1,40
18,RL,34,1,40
18,RL,35,0,40
18,RL,36,1,40
18,RL,37,1,40
18,RL,38,1,40
18,RL,39,1,40
18,RL,40,1,40
19,LR,1,0,10
19,LR,2,0,10
19,LR,3,0,10
19,LR,4,1,10
19,LR,5,1,10
19,LR,6,1,10
19,LR,7,0,10
19,LR,8,0,10
19,LR,9,1,10
19,LR,10,1,10
19,LR,11,0,20
19,LR,12,1,20
19,LR,13,1,20
19,LR,14,1,20
19,LR,15,1,20
19,LR,16,0,20
19,LR,17,1,20
19,LR,18,1,20
19,LR,19,0,20
19,LR,20,1,20
19,LR,21,0,30
19,LR,22,1,30
19,LR,23,0,30
19,LR,24,0,30
19,LR,25,1,30
19,LR,26,1,30
19,LR,27,0,30
19,LR,28,1,30
19,LR,29,1,30
19,LR,30,0,30
19,LR,31,0,40
19,LR,32,1,40
19,LR,33,0,40
19,LR,34,0,40
19,LR,35,0,40
19,LR,36,1,40
19,LR,37,1,40
19,LR,38,1,40
19,LR,39,0,40
19,LR,40,0,40
20,RL,1,1,10
20,RL,2,1,10
20,RL,3,0,10
20,RL,4,1,10
20,RL,5,1,10
20,RL,6,0,10
20,RL,7,0,10
20,RL,8,1,10
20,RL,9,0,10
20,RL,10,0,10
20,RL,11,1,20
20,RL,12,1,20
20,RL,13,1,20
20,RL,14,0,20
20,RL,15,1,20
20,RL,16,1,20
20,RL,17,1,20
20,RL,18,0,20
20,RL,19,0,20
20,RL,20,1,20
20,RL,21,0,30
20,RL,22,1,30
20,RL,23,1,30
20,RL,24,0,30
20,RL,25,0,30
20,RL,26,1,30
20,RL,27,1,30
20,RL,28,1,30
20,RL,29,1,30
20,RL,30,0,30
20,RL,31,1,40
20,RL,32,1,40
20,RL,33,1,40
20,RL,34,1,40
20,RL,35,1,40
20,RL,36,1,40
20,RL,37,1,40
20,RL,38,1,40
20,RL,39,1,40
20,RL,40,1,40
21,LR,1,1,10
21,LR,2,1,10
21,LR,3,0,10
21,LR,4,0,10
21,LR,5,1,10
21,LR,6,1,10
21,LR,7,0,10
21,LR,8,1,10
21,LR,9,0,10
21,LR,10,0,10
21,LR,11,1,20
21,LR,12,0,20
21,LR,13,0,20
21,LR,14,0,20
21,LR,15,1,20
21,LR,16,0,20
21,LR,17,1,20
21,LR,18,1,20
21,LR,19,1,20
21,LR,20,1,20
21,LR,21,1,30
21,LR,22,0,30
21,LR,23,1,30
21,LR,24,0,30
21,LR,25,1,30
21,LR,26,0,30
21,LR,27,0,30
21,LR,28,1,30
21,LR,29,1,30
21,LR,30,0,30
21,LR,31,1,40
21,LR,32,1,40
21,LR,33,0,40
21,LR,34,1,40
21,LR,35,0,40
21,LR,36,1,40
21,LR,37,1,40
21,LR,38,1,40
21,LR,39,0,40
21,LR,40,1,40
22,RL,1,0,10
22,RL,2,0,10
22,RL,3,1,10
22,RL,4,0,10
22,RL,5,1,10
22,RL,6,1,10
22,RL,7,0,10
22,RL,8,0,10
22,RL,9,1,10
22,RL,10,0,10
22,RL,11,1,20
22,RL,12,0,20
22,RL,13,0,20
22,RL,14,0,20
22,RL,15,1,20
22,RL,16,0,20
22,RL,17,0,20
22,RL,18,0,20
22,RL,19,1,20
22,RL,20,1,20
22,RL,21,0,30
22,RL,22,1,30
22,RL,23,1,30
22,RL,24,1,30
22,RL,25,1,30
22,RL,26,0,30
22,RL,27,0,30
22,RL,28,1,30
22,RL,29,1,30
22,RL,30,0,30
22,RL,31,0,40
22,RL,32,1,40
22,RL,33,1,40
22,RL,34,0,40
22,RL,35,1,40
22,RL,36,0,40
22,RL,37,1,40
22,RL,38,0,40
22,RL,39,0,40
22,RL,40,1,40
23,LR,1,1,10
23,LR,2,1,10
23,LR,3,0,10
23,LR,4,0,10
23,LR,5,0,10
23,LR,6,0,10
23,LR,7,0,10
23,LR,8,1,10
23,LR,9,0,10
23,LR,10,1,10
23,LR,11,1,20
23,LR,12,1,20
23,LR,13,1,20
23,LR,14,0,20
23,LR,15,1,20
23,LR,16,1,20
23,LR,17,1,20
23,LR,18,0,20
23,LR,19,0,20
23,LR,20,0,20
23,LR,21,0,30
23,LR,22,1,30
23,LR,23,1,30
23,LR,24,1,30
23,LR,25,0,30
23,LR,26,1,30
23,LR,27,1,30
23,LR,28,0,30
23,LR,29,1,30
23,LR,30,1,30
23,LR,31,0,40
23,LR,32,1,40
23,LR,33,1,40
23,LR,34,1,40
23,LR,35,1,40
23,LR,36,0,40
23,LR,37,1,40
23,LR,38,0,40
23,LR,39,0,40
23,LR,40,1,40
24,RL,1,1,10
24,RL,2,1,10
24,RL,3,1,10
24,RL,4,1,10
24,RL,5,0,10
24,RL,6,0,10
24,RL,7,1,10
24,RL,8,1,10
24,RL,9,0,10
24,RL,10,0,10
24,RL,11,0,20
24,RL,12,1,20
24,RL,13,0,20
24,RL,14,1,20
24,RL,15,0,20
24,RL,16,1,20
24,RL,17,1,20
24,RL,18,1,20
24,RL,19,1,20
24,RL,20,0,20
24,RL,21,1,30
24,RL,22,1,30
24,RL,23,0,30
24,RL,24,0,30
24,RL,25,0,30
24,RL,26,1,30
24,RL,27,0,30
24,RL,28,0,30
24,RL,29,1,30
24,RL,30,1,30
24,RL,31,1,40
24,RL,32,1,40
24,RL,33,0,40
24,RL,34,1,40
24,RL,35,1,40
24,RL,36,0,40
24,RL,37,1,40
24,RL,38,1,40
24,RL,39,0,40
24,RL,40,0,40
25,LR,1,0,10
25,LR,2,0,10
25,LR,3,1,10
25,LR,4,1,10
25,LR,5,1,10
25,LR,6,0,10
25,LR,7,1,10
25,LR,8,1,10
25,LR,9,1,10
25,LR,10,0,10
25,LR,11,0,20
25,LR,12,1,20
25,LR,13,1,20
25,LR,14,1,20
25,LR,15,0,20
25,LR,16,0,20
25,LR,17,0,20
25,LR,18,1,20
25,LR,19,0,20
25,LR,20,1,20
25,LR,21,1,30
25,LR,22,1,30
25,LR,23,1,30
25,LR,24,1,30
25,LR,25,0,30
25,LR,26,0,30
25,LR,27,0,30
25,LR,28,0,30
25,LR,29,1,30
25,LR,30,1,30
25,LR,31,1,40
25,LR,32,0,40
25,LR,33,1,40
25,LR,34,1,40
25,LR,35,1,40
25,LR,36,1,40
25,LR,37,1,40
25,LR,38,0,40
25,LR,39,1,40
25,LR,40,0,40
26,RL,1,0,10
26,RL,2,1,10
26,RL,3,1,10
26,RL,4,0,10
26,RL,5,0,10
26,RL,6,0,10
26,RL,7,1,10
26,RL,8,1,10
26,RL,9,1,10
26,RL,10,0,10
26,RL,11,1,20
26,RL,12,1,20
26,RL,13,1,20
26,RL,14,0,20
26,RL,15,0,20
26,RL,16,1,20
26,RL,17,0,20
26,RL,18,1,20
26,RL,19,1,20
26,RL,20,0,20
26,RL,21,1,30
26,RL,22,1,30
26,RL,23,0,30
26,RL,24,1,30
26,RL,25,0,30
26,RL,26,1,30
26,RL,27,1,30
26,RL,28,1,30
26,RL,29,1,30
26,RL,30,1,30
26,RL,31,0,40
26,RL,32,1,40
26,RL,33,1,40
26,RL,34,1,40
26,RL,35,1,40
26,RL,36,0,40
26,RL,37,0,40
26,RL,38,1,40
26,RL,39,1,40
26,RL,40,1,40
27,LR,1,1,10
27,LR,2,1,10
27,LR,3,0,10
27,LR,4,0,10
27,LR,5,0,10
27,LR,6,1,10
27,LR,7,1,10
27,LR,8,0,10
27,LR,9,1,10
27,LR,10,1,10
27,LR,11,1,20
27,LR,12,0,20
27,LR,13,1,20
27,LR,14,0,20
27,LR,15,1,20
27,LR,16,1,20
27,LR,17,1,20
27,LR,18,0,20
27,LR,19,1,20
27,LR,20,1,20
27,LR,21,1,30
27,LR,22,1,30
27,LR,23,1,30
27,LR,24,1,30
27,LR,25,0,30
27,LR,26,1,30
27,LR,27,1,30
27,LR,28,1,30
27,LR,29,1,30
27,LR,30,0,30
27,LR,31,0,40
27,LR,32,1,40
27,LR,33,1,40
27,LR,34,1,40
27,LR,35,0,40
27,LR,36,1,40
27,LR,37,0,40
27,LR,38,0,40
27,LR,39,1,40
27,LR,40,1,40
28,RL,1,1,10
28,RL,2,1,10
28,RL,3,0,10
28,RL,4,0,10
28,RL,5,1,10
28,RL,6,1,10
28,RL,7,0,10
28,RL,8,1,10
28,RL,9,0,10
28,RL,10,0,10
28,RL,11,0,20
28,RL,12,1,20
28,RL,13,0,20
28,RL,14,1,20
28,RL,15,0,20
28,RL,16,1,20
28,RL,17,1,20
28,RL,18,0,20
28,RL,19,0,20
28,RL,20,1,20
28,RL,21,1,30
28,RL,22,0,30
28,RL,23,0,30
28,RL,24,1,30
28,RL,25,0,30
28,RL,26,0,30
28,RL,27,0,30
28,RL,28,0,30
28,RL,29,1,30
28,RL,30,0,30
28,RL,31,0,40
28,RL,32,0,40
28,RL,33,1,40
28,RL,34,0,40
28,RL,35,1,40
28,RL,36,1,40
28,RL,37,1,40
28,RL,38,0,40
28,RL,39,1,40
28,RL,40,0,40
29,LR,1,0,10
29,LR,2,0,10
29,LR,3,0,10
29,LR,4,1,10
29,LR,5,0,10
29,LR,6,0,10
29,LR,7,1,10
29,LR,8,1,10
29,LR,9,0,10
29,LR,10,0,10
29,LR,11,0,20
29,LR,12,1,20
29,LR,13,0,20
29,LR,14,1,20
29,LR,15,0,20
29,LR,16,0,20
29,LR,17,1,20
29,LR,18,0,20
29,LR,19,0,20
29,LR,20,0,20
29,LR,21,0,30
29,LR,22,1,30
29,LR,23,1,30
29,LR,24,0,30
29,LR,25,0,30
29,LR,26,1,30
29,LR,27,0,30
29,LR,28,0,30
29,LR,29,0,30
29,LR,30,0,30
29,LR,31,0,40
29,LR,32,1,40
29,LR,33,1,40
29,LR,34,0,40
29,LR,35,0,40
29,LR,36,1,40
29,LR,37,0,40
29,LR,38,1,40
29,LR,39,1,40
29,LR,40,1,40
30,RL,1,1,10
30,RL,2,0,10
30,RL,3,1,10
30,RL,4,0,10
30,RL,5,1,10
30,RL,6,0,10
30,RL,7,0,10
30,RL,8,1,10
30,RL,9,1,10
30,RL,10,1,10
30,RL,11,0,20
30,RL,12,0,20
30,RL,13,1,20
30,RL,14,0,20
30,RL,15,0,20
30,RL,16,1,20
30,RL,17,0,20
30,RL,18,0,20
30,RL,19,1,20
30,RL,20,1,20
30,RL,21,0,30
30,RL,22,1,30
30,RL,23,1,30
30,RL,24,1,30
30,RL,25,1,30
30,RL,26,1,30
30,RL,27,1,30
30,RL,28,1,30
30,RL,29,0,30
30,RL,30,1,30
30,RL,31,1,40
30,RL,32,1,40
30,RL,33,1,40
30,RL,34,0,40
30,RL,35,1,40
30,RL,36,0,40
30,RL,37,0,40
30,RL,38,0,40
30,RL,39,1,40
30,RL,40,0,40
31,LR,1,1,10
31,LR,2,0,10
31,LR,3,1,10
31,LR,4,0,10
31,LR,5,0,10
31,LR,6,0,10
31,LR,7,1,10
31,LR,8,1,10
31,LR,9,1,10
31,LR,10,1,10
31,LR,11,1,20
31,LR,12,1,20
31,LR,13,1,20
31,LR,14,0,20
31,LR,15,0,20
31,LR,16,1,20
31,LR,17,0,20
31,LR,18,0,20
31,LR,19,0,20
31,LR,20,0,20
31,LR,21,1,30
31,LR,22,1,30
31,LR,23,0,30
31,LR,24,0,30
31,LR,25,1,30
31,LR,26,1,30
31,LR,27,1,30
31,LR,28,1,30
31,LR,29,0,30
31,LR,30,0,30
31,LR,31,0,40
31,LR,32,0,40
31,LR,33,1,40
31,LR,34,1,40
31,LR,35,1,40
31,LR,36,1,40
31,LR,37,1,40
31,LR,38,1,40
31,LR,39,1,40
31,LR,40,0,40
32,RL,1,1,10
32,RL,2,1,10
32,RL,3,1,10
32,RL,4,1,10
32,RL,5,1,10
32,RL,6,1,10
32,RL,7,0,10
32,RL,8,1,10
32,RL,9,0,10
32,RL,10,1,10
32,RL,11,0,20
32,RL,12,1,20
32,RL,13,0,20
32,RL,14,1,20
32,RL,15,0,20
32,RL,16,0,20
32,RL,17,0,20
32,RL,18,1,20
32,RL,19,1,20
32,RL,20,0,20
32,RL,21,1,30
32,RL,22,0,30
32,RL,23,1,30
32,RL,24,0,30
32,RL,25,1,30
32,RL,26,0,30
32,RL,27,0,30
32,RL,28,1,30
32,RL,29,1,30
32,RL,30,1,30
32,RL,31,1,40
32,RL,32,1,40
32,RL,33,0,40
32,RL,34,1,40
32,RL,35,1,40
32,RL,36,0,40
32,RL,37,1,40
32,RL,38,1,40
32,RL,39,0,40
32,RL,40,0,40
33,LR,1,1,10
33,LR,2,0,10
33,LR,3,0,10
33,LR,4,1,10
33,LR,5,0,10
33,LR,6,0,10
33,LR,7,1,10
33,LR,8,0,10
33,LR,9,1,10
33,LR,10,1,10
33,LR,11,1,20
33,LR,12,0,20
33,LR,13,1,20
33,LR,14,0,20
33,LR,15,1,20
33,LR,16,0,20
33,LR,17,1,20
33,LR,18,1,20
33,LR,19,1,20
33,LR,20,0,20
33,LR,21,1,30
33,LR,22,0,30
33,LR,23,0,30
33,LR,24,1,30
33,LR,25,1,30
33,LR,26,1,30
33,LR,27,1,30
33,LR,28,0,30
33,LR,29,0,30
33,LR,30,1,30
33,LR,31,1,40
33,LR,32,1,40
33,LR,33,1,40
33,LR,34,0,40
33,LR,35,0,40
33,LR,36,0,40
33,LR,37,1,40
33,LR,38,1,40
33,LR,39,0,40
33,LR,40,0,40
34,RL,1,0,10
34,RL,2,0,10
34,RL,3,1,10
34,RL,4,1,10
34,RL,5,1,10
34,RL,6,0,10
34,RL,7,0,10
34,RL,8,1,10
34,RL,9,1,10
34,RL,10,0,10
34,RL,11,1,20
34,RL,12,1,20
34,RL,13,1,20
34,RL,14,0,20
34,RL,15,1,20
34,RL,16,0,20
34,RL,17,1,20
34,RL,18,1,20
34,RL,19,0,20
34,RL,20,0,20
34,RL,21,1,30
34,RL,22,0,30
34,RL,23,1,30
34,RL,24,0,30
34,RL,25,1,30
34,RL,26,0,30
34,RL,27,0,30
34,RL,28,1,30
34,RL,29,0,30
34,RL,30,0,30
34,RL,31,0,40
34,RL,32,1,40
34,RL,33,1,40
34,RL,34,1,40
34,RL,35,1,40
34,RL,36,1,40
34,RL,37,1,40
34,RL,38,1,40
34,RL,39,1,40
34,RL,40,1,40